{
  "en": {
    "nav_home": "Home",
    "nav_research": "Research",
    "nav_publications": "Publications",
    "nav_cv": "CV",
    "nav_contact": "Contact",
    "hero_kicker": "Microbiome · Metagenomics · MGEs",
    "hero_intro": "Hi, I’m Yuya Kiguchi.",
    "hero_desc": "I’m a postdoctoral scholar studying the human microbiome, mobile genetic elements, and host–microbe interactions using computational metagenomics and long-read sequencing.",
    "research_title": "Projects",
    "pubs_title": "Selected publications"
  },
  "jp": {
    "nav_home": "ホーム",
    "nav_research": "研究",
    "nav_publications": "論文",
    "nav_cv": "履歴書",
    "nav_contact": "連絡先",
    "hero_kicker": "マイクロバイオーム · メタゲノミクス · 可動遺伝因子",
    "hero_intro": "こんにちは、木口 悠也です。",
    "hero_desc": "私はポスドク研究員として、ヒト腸内マイクロバイオーム、可動遺伝因子、宿主−微生物相互作用を、計算メタゲノミクスとロングリードシーケンシングを用いて研究しています。",
    "research_title": "研究プロジェクト",
    "pubs_title": "主要な論文"
  }
}